SMILES,Name
CC[NH+](\[N+](\[O-])=N\OC)CC,ZINC00015795
CCCc1nc(C[NH2+]C)on1,ZINC19089533
CCc1nc(C[NH2+]CC)on1,ZINC19089783
CCc1nnc(C[NH2+]CC)o1,ZINC19089821
CCCc1nc(C[NH2+]C)no1,ZINC19090766
C[NH2+]Cc1cc(COC)on1,ZINC16943555
COC(CO[C@@H]1CC[NH2+]C1)=O,ZINC26898464
c1cn(CCCC#N)c(C[NH3+])n1,ZINC51004182
CN(C(SCC[NH3+])=S)C,ZINC01678037
c1cnc(OCC[NH+](C2)C2)nc1,ZINC01701203
c1cnc(OCC[NH+](C2)C2)cn1,ZINC01701204
CN(S(C)(=O)=O)CCC[NH3+],ZINC19834092
CN(S(CCC[NH3+])(=O)=O)C,ZINC20180057
CC[NH2+]Cc1nc(C2CC2)on1,ZINC19090186
C[NH2+]CCc1nc(C2CC2)on1,ZINC42384262
CCOC(c1c(C[NH3+])cco1)=O,ZINC04344268
CCOC(c1ccc(C[NH3+])o1)=O,ZINC00031836
CC(Cc1nc(C[NH2+]C)on1)C,ZINC19089539
CCc1nc(C[NH2+]C(C)C)on1,ZINC19089786
CCc1nnc(C[NH2+]C(C)C)o1,ZINC19089826
CC(c1nc(CCC[NH3+])on1)C,ZINC21950059
CC(Cc1nc(C[NH2+]C)no1)C,ZINC19090779
CC[NH2+]Cc1nc(C(C)C)no1,ZINC19090811
CC(c1nc(CC[NH2+]C)no1)C,ZINC19090992
CC[NH+](Cc1c(C)non1)CC,ZINC00327620
c1cnc(SCCC[NH3+])nc1,ZINC16546054
CS(SCCC[NH3+])(=O)=O,ZINC02379101
Cn1ccnc1SCCC[NH3+],ZINC08737719
CC(\C(\CC[N+](C)(C)C)=N/O)=O,ZINC05125512
CCOC([C@@H]1C[C@H](OC)C[NH2+]1)=O,ZINC26515862
COC(OC)CN1CC[NH2+]CC1,ZINC23093984
CCOC(C[C@@H]1[NH2+]CCS1)=O,ZINC04776061
CC(OC([C@@H]([NH3+])CS)=O)(C)C,ZINC05419897
CCOC([C@H]([NH3+])C(S)(C)C)=O,ZINC05887673
C[NH+](CSC(N(C)C)=S)C,ZINC01615457
C[NH+](CCC\N=C(\S)/S)C,ZINC05688818
COC(Cc1ccnc(C[NH3+])c1)=O,ZINC21985038
CCOC(Nc1ccc[n+](C)c1)=O,ZINC05325898
CCOc1ccc[n+](CC(N)=O)c1,ZINC03130256
COC(C1CC2(CC([NH3+])C2)C1)=O,ZINC32628931
CC(O[C@@H]1C[C@@H]2[NH2+][C@H]1CCC2)=O,ZINC03780127
COC([C@H]1[NH2+]C[C@H](CCC2)[C@@H]12)=O,ZINC08699300
CC(O[C@H]1CC[C@@H]2[NH2+][C@H]1CC2)=O,ZINC26179270
COC[C@@]12[C@@H](O1)C[N@H+](CCC3)[C@@H]23,ZINC01575707
COC([C@H]1C[C@@H]2[NH2+][C@H]1CCC2)=O,ZINC26167912
C1Cc2c(C1)sc(CC[NH3+])n2,ZINC11886680
CC[C@@]([NH+](CCOC1)C1)(C#N)C,ZINC04099956
C[C@H]1C[C@H]1C(N2CC[NH2+]CC2)=O,ZINC20284255
CO\N=C\[C@@H]1C[NH+](CCC1C2)C2,ZINC03934659
CO\N=C\[C@]12C[N@H+](CC1)CCC2,ZINC03934656
C[NH+](CCN(C(C1CC1)=O)C2)C2,ZINC06125981
C[C@@H]1[NH2+]CCN(CC(C)=C)C1=O,ZINC16944337
C1CC(C(N2CC[NH2+]CC2)=O)C1,ZINC19092060
C[C@H]1C[NH+](CCC#N)C[C@H](C)O1,ZINC01635569
C\C(\C12C[NH+](CC1)CC2)=N/OC,ZINC13776018
CCC[C@]12N(CC[NH2+]1)C(=O)CC2,ZINC09936924
C1C[NH2+]CCN(C(C2CC2)=O)C1,ZINC19679922
CC(C(N1CC[NH2+]CC1)=O)(C)C,ZINC02540617
CC(C(N1CCC[NH2+]CC1)=O)C,ZINC19679920
C\C(\C)=N/O[C@@H]1CCC[N@H+](C)C1,ZINC28379004
CCC(N1CCC[N@@H+](C)CC1)=O,ZINC20495662
C[N+](C[C@@H]1\C(=N/O)\CCC1)(C)C,ZINC16957576
C[C@@H]1[NH2+]CCN(CC(C)C)C1=O,ZINC19088703
CC(N1C[C@@H](C[NH3+])CC1=O)(C)C,ZINC19089197
C1C[C@H](CN2CCOCC2)[NH2+]C1,ZINC19958161
C1C[C@H](CN2CC[NH2+]CC2)OC1,ZINC19230050
CC(C(N1CCC([NH3+])CC1)=O)C,ZINC12359828
CC(C(N1CCC[C@@H]([NH3+])C1)=O)C,ZINC19093069
CC(c1nc(C[NH3+])cs1)(C)C,ZINC20216485
C[NH+]1CCC(CN=C=S)CC1,ZINC44518894
COC(C12[NH2+]C(CC1)CC2)=O,ZINC02524295
COC([C@@H]1C[C@@H]2C[C@H]1[NH2+]C2)=O,ZINC27556670
c1cc2c(nc(CC[NH3+])o2)cc1F,ZINC33420192
C1C=CC([N+](N[N+]([O-])=O)=C1)=O,ZINC15767207
c1c(C[NH3+])nc(C2CC2)s1,ZINC20438700
CCn1c(C[NH3+])cc(C)n1,ZINC02523116
Cc1ccn(C[C@@H]([NH3+])C)n1,ZINC02537936
C1CN(CCC#N)CC[NH2+]1,ZINC19702378
C[C@H]([NH3+])C(c1ccc(OC)cc1)=O,ZINC11630543
C[C@H]([NH3+])C(c1ccccc1OC)=O,ZINC27321380
CC[NH2+]Cc1ccc2c(OCO2)c1,ZINC01711245
c1cc2c(OCO2)cc1CCC[NH3+],ZINC01676576
Cc1ccc([C@H]([NH3+])C(OC)=O)cc1,ZINC06426980
COc1ccc(C[NH+]=C=S)cc1,ZINC02168499
Cc1cc(C)n(CC2(C[NH3+])CC2)n1,ZINC19091842
c1cnn(CC[NH+]2CCCCC2)c1,ZINC38537760
Cc1c(C[NH2+]C2CC2)c(C)n(C)n1,ZINC02559682
c1cn(CC[NH+]2CCCCC2)cn1,ZINC41391479
c1ccn(CCN2CC[NH2+]CC2)c1,ZINC19850319
c1cn(CC[NH3+])nc1C(F)(F)F,ZINC02537840
C[N@H+]([C@@H](COc1cccnc1)C2)C2,ZINC13746645
Cc1ccc(OCC2([NH3+])CC2)cn1,ZINC29126820
CC(C[n+]1cccc(C(N)=O)c1)C,ZINC07644082
CN(c1ccc(C(C[NH3+])=O)cc1)C,ZINC12471335
CN(C(c1ccc(C[NH3+])cc1)=O)C,ZINC12505435
CN(C([C@H]([NH3+])c1ccccc1)=O)C,ZINC19432680
C#CCO\N=C\[C@H]1C[N@@H+](C[C@@H]1C2)C2,ZINC13776014
CC(N(c1cccc(C[NH3+])c1)C)=O,ZINC00153946
Cc1cnc(C[NH2+]C)c(C)c1OC,ZINC19844416
CC(N(CC#CC[NH+](CC1)C1)C)=O,ZINC13820908
C\C=C\C=C\C(N1CC[NH2+]CC1)=O,ZINC19518806
CC(Oc1c(C[NH3+])cccn1)(C)C,ZINC01494966
C[NH+](CC\C(=N/OCCC#C)\C1)C1,ZINC13780854
CCC[NH2+][C@H]1CCS(C1)(=O)=O,ZINC03866511
C1CCC([NH+](CC#N)CC#N)CC1,ZINC01693450
C[C@@H]([NH3+])c1ccc(OC)cc1OC,ZINC03705573
C[C@@H]([NH3+])c1cc(OC)ccc1OC,ZINC00874543
CCOC([C@@H]1[C@@H]2C[C@@H](C=C2)[C@@H]1[NH3+])=O,ZINC02516887
c1cc(C[NH2+]C2CCOCC2)oc1,ZINC20479698
C[C@H]([NH3+])c1ccc(OC)c(OC)c1,ZINC00296164
c1cc([C@@H]2CC[C@H](CC[NH3+])O2)oc1,ZINC35904612
COC(\C(\[NH3+])=C\c1ccccc1)=O,ZINC21990945
CC(c1nc(CC[NH3+])cn1C)(C)C,ZINC29407604
Cc1c(C[NH2+]C)c(C)n(C(C)C)n1,ZINC19089143
CCn1c(C)c([C@H]([NH2+]C)C)c(C)n1,ZINC26546044
Cc1c(C[NH2+]C(C)C)c(C)n(C)n1,ZINC02559681
COc1ccc(C[NH3+])c(OC)c1,ZINC00119693
COC([C@@H]1CC(C[C@@H]1[NH3+])=C)=O,ZINC03801192
C[C@H]([NH3+])C(c1cccs1)=O,ZINC00235798
Cc1c(C[NH+](C)C)c(C)on1,ZINC01383214
CO\N=C\[C@H]1C[N@@H+](C[C@@H]1C2)C2,ZINC03934655
C1CC1C(N2CC[NH2+]CC2)=O,ZINC02586030
CC(C(N1CC[NH2+]CC1)=O)C,ZINC02540618
CC(N(C1CC[NH2+]CC1)C)=O,ZINC36283143
CCC(N1CCC[NH2+]CC1)=O,ZINC19679918
C1CN2[N+](CCO)(C1)CCC2,ZINC01623843
CC(CN1CC[NH+](C)CC1)=O,ZINC23094201
CN(C(C1CC[NH2+]CC1)=O)C,ZINC01668206
CCCN1CC[NH2+][C@@H](C)C1=O,ZINC15015306
CC(C1=NO[C@](C[NH3+])(C)C1)C,ZINC35655712
CN(C([C@@H]1CCC[NH2+]C1)=O)C,ZINC19409662
C[NH+]1CCN(C[C@@H]2CO2)CC1,ZINC22214407
CCc1c(C[NH3+])sc(C)n1,ZINC29866027
CC(c1csc(C[NH3+])n1)C,ZINC03710558
CCc1nc(C)c(C[NH3+])s1,ZINC19092637
Cc1csc([C@H](C[NH3+])C)n1,ZINC11883512
Cc1nc(C[C@@H]([NH3+])C)cs1,ZINC11595423
Cc1c(C)sc(CC[NH3+])n1,ZINC07952314
Cc1c(CC[NH3+])sc(C)n1,ZINC13726812
Cc1cc(C)n(C[C@@H]([NH3+])C)n1,ZINC02537939
Cc1c(CC[NH3+])c(C)n(C)n1,ZINC08733279
Cc1c(C[C@@H]([NH3+])C)cn(C)n1,ZINC06254759
CC[C@H]([NH3+])c1cnn(C)c1C,ZINC22638078
CC[NH+]1CCN(CC#N)CC1,ZINC19519256
CC(c1c(C[NH3+])cn(C)n1)C,ZINC32625287
C[C@H]([NH3+])c1cnn(C(C)C)c1,ZINC26545951
CC([C@H]([NH3+])c1nccn1C)C,ZINC11848552
CCn1cc([C@@H]([NH3+])C)c(C)n1,ZINC02732149
CCn1c(C)c([C@H]([NH3+])C)cn1,ZINC02558417
Cc1c(C[NH2+]C)c(C)n(C)n1,ZINC02388768
Cc1c(C)nn(CC[NH3+])c1C,ZINC04992782
CC(C[C@@H]1[NH2+][C@@H](C#N)CCC1)=O,ZINC01581075
C[N+](Cc1c(O)cccn1)(C)C,ZINC00159649
C[NH+](CC\C(=N/OCC#C)\C1)C1,ZINC13780846
c1cc[n+](N[N+]([O-])=O)nc1,ZINC15767173
C[NH+](Cn1cnc2c1cccc2)C,ZINC05328361
CC(n1cc[n+](C(C)C)c1)C,ZINC02513722
Cn1cccc1C[N+](C)(C)C,ZINC04206900
CC(N1CC[N+](C(C)C)=C1)C,ZINC01639391
CC(O[n+]1ccccc1)(C)C,ZINC05284114
C[N+](C[C@H]1CCCC1=O)(C)C,ZINC05811018
CC\C(=[N+](/C1)\CCOC1)\CC,ZINC06617053
CC([S+](SC)C)(C)C,ZINC16951346
C[N+](Cc1cccnc1)(C)C,ZINC13589052
Cc1cccc[n+]1CC(C)=O,ZINC01578692
Cc1ccc[n+](CC(C)=O)c1,ZINC02584220
Cc1cc[n+](CC(C)=O)cc1,ZINC02522313
C[N+](C[C@@H]1CCCCO1)(C)C,ZINC04428958
CN(c1cc[n+](C=C)cc1)C,ZINC05342430
CC(O[S+]1CCCC1)C,ZINC05106485
CCC[n+]1ccc(C#N)cc1,ZINC01712162
CCC[n+]1cccc(C#N)c1,ZINC01723779
CC[n+]1ccc(CC#N)cc1,ZINC05340243
C[n+]1ccccc1CCC#N,ZINC02810099
c1cc[n+](Cc2ccco2)cc1,ZINC15767740
C[N+]1(CCS)CCCCC1,ZINC00282347
CN(c1cc[n+](C=C=C)cc1)C,ZINC05719589
CN(\C=C(/Cl)\C=[N+](\C)/C)C,ZINC30678639
CN(\C(\Cl)=C\C=[N+](\C)/C)C,ZINC16162984
CCC[N+]1(C)CCOCC1,ZINC01720078
CC[N+]1(CC)CCOCC1,ZINC01690971
CC(\C=C\c1ccc[n+](C)c1)=O,ZINC00436761
C[N+](N=Cc1ccccc1)(C)C,ZINC08638166
C[N+](C(c1ccccc1)=O)(C)C,ZINC01555237
C[N+](c1ccc(C=O)cc1)(C)C,ZINC00083942
Cc1cc[n+](C[C@@H]2CO2)c(C)c1,ZINC04950610
CC1=N[N+](CC=C)=C(C)C1(C)C,ZINC05306690
CC1=[N+](CCC#N)CC(C)(C)C1,ZINC04713456
CCOc1cc[n+](C)cc1,ZINC05336165
C[N+](c1ccc(OC)cc1)(C)C,ZINC05377533
C[N+](c1ccccc1OC)(C)C,ZINC01705262
C[N+](\N=C\[C@@H]1CCC=CC1)(C)C,ZINC06519532
c1cc(C#N)c[n+](CCCl)c1,ZINC01691471
C[N+](C[C@H]1CS1)(C)C,ZINC06519613
CC(N1CC[N+](C(C)(C)C)=C1)(C)C,ZINC01639394
C[N+](CC1OCCCO1)(C)C,ZINC13649947
CCOc1c[n+](C)c(C)s1,ZINC01662485
CC[N+]1(CC)CCOC(C1)=O,ZINC01666126
C[N+]1(C[C@@H]2CO2)CCOCC1,ZINC05029917
C[n+]1cccc(\C=N/N(C)C)c1,ZINC05208863
C[n+]1ccccc1\C=N\N(C)C,ZINC01755342
CC[N+]1(CC#N)CCOCC1,ZINC00301481
C[n+]1cccc(C(N(C)C)=O)c1,ZINC01723647
CN(c1cc[n+](OC)cc1)C,ZINC15767372
CN(\C=C(/C#N)\C=[N+](\C)/C)C,ZINC06657985
C[n+]1ccccc1C(OC)=O,ZINC02541074
C[n+]1ccc(C(OC)=O)cc1,ZINC00332665
C[n+]1cccc(C(OC)=O)c1,ZINC00332349
Cc1ccc[n+](C(OC)=O)c1,ZINC00406411
C[n+]1cccc(\C=N\OC)c1,ZINC01584447
C[n+]1ccc(\C=N\OC)cc1,ZINC01584443
CN(c1cc[n+](C=O)cc1)C,ZINC01614192
COC[n+]1cccc(C#N)c1,ZINC01708716
CN(\C(\SC)=[N+](\C)/C)C,ZINC01697265
C\[N+](=C(/N(C)C)\N(C)C)\C,ZINC00388714
COC(C1=CCC[S+](C)C1)=O,ZINC28761989
CCn1c[n+](c2ccccc2)cn1,ZINC01703400
Cn1c[n+](Cc2ccccc2)cn1,ZINC00401239
CC[n+]1ccc(OC)nc1,ZINC00331042
CC(Cn1cc[n+](C)c1)=O,ZINC02522314
CC(C[n+]1cccnc1)=O,ZINC03092973
CN(\C=N\[N+](C)(C)C)C,ZINC04051396
C[n+]1cn(COC)c2c1cccc2,ZINC05330484
CCO[n+]1ccccn1,ZINC15781070
C[n+]1ccc(CS(C)(=O)=O)cc1,ZINC00398528
C[C@H]1CSC[C@@H](C[N+](C)(C)C)O1,ZINC28640298
Cc1n(COC)c2c([n+]1C)cccc2,ZINC12341517
CC1=[N+](CC(C)=O)CCn2c1ccc2,ZINC01831902
C[C@H]1O[C@@H](C[N+](C)(C)C)C[S@]1=O,ZINC29566990
C[N+]1(CC#N)CC[N+]([CH-]C#N)(C)CC1,ZINC20293475
C[n+]1ccc(\C(\[O-])=N\[N+](C)(C)C)cc1,ZINC03160723
C[n+]1cccc(C(\N=S(\C)/C)=O)c1,ZINC05257631
C[n+]1c2c(ccc1C(OC)=O)cccc2,ZINC00405069
C[n+]1cccc2c1ccc(C(OC)=O)c2,ZINC01723451
COc1cccc(OCCOC2CC[NH2+]CC2)c1OC,ZINC20267004
CCc1nnc(SCC[NH+]2CCCCC2)n1CC=C,ZINC41361492
COCCCC1CC[NH+](Cc2nc(C3CC3)no2)CC1,ZINC11661491
CCC[C@H](OC[n+]1ccn(C)c1\C=N\O)C2CCCC2,ZINC27558656
CCC[C@@H](OC[n+]1ccn(C)c1\C=N\O)c2ccccc2,ZINC05649398
CCC(c1cc[n+](CC(Nc2cc(C)on2)=O)cc1)CC,ZINC07762606
CCCC[n+]1c2c(n(CC(OCC)=O)c1N)cccc2,ZINC01833757
CCCCOC(C[n+]1c2c(n(CC)c1N)cccc2)=O,ZINC04561776
CCC(c1cc[n+](CC(Nc2ccon2)=O)cc1)CC,ZINC42633686
CCc1ccccc1OCc2nnc([C@H]([NH3+])CC(C)C)o2,ZINC19786986
CCc1cccc(OCc2nnc([C@@H]([NH3+])CC(C)C)o2)c1,ZINC19786987
CCOC([C@H]1C[C@@H]([NH2+][C@@H]1c2ccccc2)C(OCC)=O)=O,ZINC02528551
CCN(C(C[N@@H+]1CCC[C@@H]1c2cc(C)no2)=O)CC(C)=C,ZINC52008592
CCN(C(C[N@H+]1CCC[C@@H]1c2cc(C)on2)=O)CC(C)=C,ZINC45003782
CCOC(c1c2c(CC[N@@H+](CC=C)C2)n(CC(C)C)n1)=O,ZINC14536177
CC(CC[N@H+](C1CC1)Cc2nc(c3cccs3)no2)C,ZINC44898490
CC(C[N@H+]1CC[C@@H](CN(Cc2nc(C3CC3)no2)C)C1)C,ZINC23129978
CCCCc1nc([C@H](N2CC[NH+](CC3CC3)CC2)C)on1,ZINC52165473
C=CCn1c(C2CC2)nnc1SCC[NH+]3CCCCC3,ZINC39971767
COc1ccc([C@@H]2CCC[N@H+]2CCC(OC)=O)cc1OC,ZINC45915202
CCOC(C[N@H+]1CCC[C@@H]1c2ccc(OC)cc2OC)=O,ZINC50274299
CCOC(C[N@H+]1CCC[C@@H]1c2ccc(OC)c(OC)c2)=O,ZINC45004515
CCCc1ccc(O[C@H]2C[C@@H](C(OC)=O)[NH2+]C2)c(OC)c1,ZINC19735858
CC([C@H]([NH2+]Cc1ccc(C(OC)=O)o1)c2cccs2)C,ZINC35046626
CCN(C(Cc1cc(C)no1)=O)CC[NH+]2CCCCCC2,ZINC20515366
CCCCN(C(C1CC[NH+](Cc2cc(C)on2)CC1)=O)C,ZINC52186653
CCCCN(C(C1CC[NH+](Cc2cc(C)no2)CC1)=O)C,ZINC52186755
CCCCc1nc(C[N@H+]([C@H](c2ccc(C)s2)C)C)on1,ZINC52131937
CCCCOC(C[N@@H+]1CCC[C@H]1c2cc(C)no2)=O,ZINC52010205
CCCCOC(C[N@@H+]1CCC[C@H]1c2cc(C)on2)=O,ZINC45003823
CCC[NH2+]C([C@H](SSS)c1cccs1)(C)C,ZINC05785101
CCOC(N([C@H]1CC[NH2+]C1)Cc2ccccc2SC)=O,ZINC40979538
CCCc1nc(CN2CC[NH+](CCC(C)(C)C)CC2)on1,ZINC48343454
CC(CC[NH+]1CCN(Cc2nc(CC(C)C)on2)CC1)C,ZINC48565763
CCCCc1nc([C@H](N2CC[NH+](CC(C)C)CC2)C)on1,ZINC44585915
CC(CC[NH+]1CCN(Cc2nc(CC(C)C)no2)CC1)C,ZINC47869445
CC(c1nnc(SCC[NH+]2CCCCC2)n1CC=C)C,ZINC41361601
CCCn1c(C2CC2)nnc1SCC[NH+]3CCCCC3,ZINC39975380
CCCCCCCn1nc(C2=CCC[N@@H+](C)C2)nn1,ZINC36289012
C[C@H]([NH3+])c1ccc(N2CCOCC2)cc1,ZINC01304656
C[C@H](O\N=C(/C1)\C[C@@H]([NH+](C)[C@@H]12)CC2)C#C,ZINC13780848
C[N@H+]1CCN(C)[C@@H]1c2ccccc2OC,ZINC19325691
C[N@@H+](C[C@@H](CN1C=CC=CC1=O)CC2)C2,ZINC13686293
COc1ccccc1N2CCC([NH3+])CC2,ZINC19513434
C[NH+](CCN(c1ccc(OC)cc1)C2)C2,ZINC13470074
C[NH+](CCN(c1cccc(OC)c1)C2)C2,ZINC13470060
COc1cccc(N2CCC[C@H]([NH3+])C2)c1,ZINC33426948
CC#CCO\N=C(\C1)/C[C@H]([NH+](C)[C@H]12)CC2,ZINC13780851
COc1cccc(N2CCC([NH3+])CC2)c1,ZINC19487673
C1C[C@@H]([C@H]([NH+](CCOC2)C2)C#N)CC=C1,ZINC00134724
C[C@@H]1CN(Cc2ccccc2)C(S1)=[NH2+],ZINC04777592
c1ccc(CN2C(=[NH2+])SCCC2)cc1,ZINC20423655
C=CCN1c2c([C@@H]([NH3+])C1=O)cc(F)cc2,ZINC08699567
Cc1c(C[NH3+])nc(c2cccc(F)c2)o1,ZINC39320605
COc1cc2c([C@@H]([NH3+])CCC2)cc1OC,ZINC06483884
CC([C@H]([NH3+])c1ccc2c(OCCO2)c1)C,ZINC04206724
C[C@H]([NH2+]C)c1ccc2c(OCCCO2)c1,ZINC21966588
CC(c1ccc2c(OCCO2)c1)(C[NH3+])C,ZINC37934540
CCC1([NH3+])COC(c2ccccc2)OC1,ZINC01698698
COc1cc2c(C[C@H]([NH3+])CC2)cc1OC,ZINC29212354
Cc1cc(OC)c2c(C[C@@H]([NH3+])C2)c1OC,ZINC27746539
Cc1ccc([C@@H]2CO[C@@](C[NH3+])(C)O2)cc1,ZINC19730450
COc1ccc(C2([NH3+])CCOCC2)cc1,ZINC11833625
CC[C@@H]([NH3+])c1ccc2c(OCCCO2)c1,ZINC19967990
COc1ccc(OC)c2c1CC[C@H]([NH3+])C2,ZINC29213615
Cc1ccc2c(sc(C)[n+]2CCO)c1,ZINC01590999
C1CC[NH+](C2CCN(CC#N)CC2)CC1,ZINC40444273
c1cc(n2cc(Cl)cn2)ccc1C[NH3+],ZINC12395427
c1cc(n2ccnc2)c(C[NH3+])c(Cl)c1,ZINC04025631
Cc1[nH+]ccn1Cc2ccc(Cl)nc2,ZINC04002756
CC([NH+]=Cc1ccc2c(OCO2)c1)(C)C,ZINC22017381
c1cc2c(OCCO2)cc1[C@@H]([NH3+])C3CC3,ZINC03739191
CC(N1CCC(C2CC[NH2+]CC2)CC1)=O,ZINC04312777
CC[C@@]12C(=O)[C@@](CC)(CN(C)C1)C[NH2+]C2,ZINC24540959
CC1CCN(C(C2CC[NH2+]CC2)=O)CC1,ZINC04287451
CC1CCN(C([C@@H]2CCC[NH2+]C2)=O)CC1,ZINC04287442
C[N@@H+](CCN(C(C1CCCC1)=O)CC2)C2,ZINC13323085
c1c(CC[NH3+])cc(Cl)c2c1OCCO2,ZINC08390474
CC(C[n+]1ccccc1)=O,ZINC01712526
C[n+]1ccn(CCCl)c1,ZINC17354938
C[N+](CC(C#N)=C)(C)C,ZINC05377499
CCCn1cc[n+](C)c1,ZINC02510894
C[n+]1ccn(CC=C)c1,ZINC12359323
C[N+](CCS)(C)C,ZINC05299036
C[N+](CSC)(C)C,ZINC01682428
C[N+](CCC#N)(C)C,ZINC01679173
CC[n+]1cc([N+]([O-])=O)n(C)c1,ZINC15782327
CCn1cc[n+](C)c1[N+]([O-])=O,ZINC15783411
CN(c1cc[n+](CC#C)cc1)C,ZINC05342431
C[N+]1(CCCl)CCOCC1,ZINC01697681
C[N+](c1cccc(OC)c1)(C)C,ZINC02004653
C[N+](C[C@@H]1CCCCC1=O)(C)C,ZINC00552514
C[N+]1(C[C@H]2CO2)CCCCCC1,ZINC06519749
C=CC[n+]1ccnc2c1cccc2,ZINC01663934
c1cc[n+](Cc2ccccn2)cc1,ZINC00337464
c1cc[n+](Cc2ccncc2)cc1,ZINC05331479
c1ccc(C[n+]2ccccn2)cc1,ZINC15781044
CC[n+]1cccn1c2ccccc2,ZINC01703401
Cn1cc[n+](Cc2ccccc2)c1,ZINC02510888
CCC[n+]1ccnc2c1cccc2,ZINC01597632
Cn1c[n+](CC=C)c2c1cccc2,ZINC04062843
Cc1ccc[n+](Cc2ccco2)c1,ZINC05418189
Cc1cc[n+](Cc2ccco2)cc1,ZINC05379754
CC[n+]1ccc(c2ccccc2)o1,ZINC01703420
CC[n+]1c(c2ccccc2)cco1,ZINC01703419
CC[C@@]1([N+](C)(C)C)CS[C@H]1C,ZINC01873897
C[N+](Cc1ccc(C#N)cc1)(C)C,ZINC01561909
C=CC[n+]1csc2c1cccc2,ZINC00392780
C\C(\c1ccccc1)=[N+](\N(C)C)/C,ZINC16955215
CCC1=[N+](CC)CCn2c1ccc2,ZINC04603797
CC[n+]1ccc(N2CCCC2)cc1,ZINC05340263
CCCC1=[N+](C)CCn2c1ccc2,ZINC00249629
CC(c1ccc([N+](C)(C)C)cc1)=O,ZINC00565316
CC(c1ccc(C(C)C)[n+](C)n1)C,ZINC15781466
C[N+]1(Cc2ccco2)CCCCC1,ZINC05732631
C[C@H]1CCC[C@@H](C[N+](C)(C)C)C1=O,ZINC01702321
CC(\C(=[N+](\C1)/CCOC1)\C(C)C)C,ZINC32602594
CC(OCC[S+](C)C)=O,ZINC05161421
CCOC(C[S+](C)C)=O,ZINC05048572
CCCCn1cn[n+](C=C)c1,ZINC16639478
C[N+](C\C=C\C(OC)=O)(C)C,ZINC02005438
C[N+](CC(C(OC)=O)=C)(C)C,ZINC05377501
CC[C@H]([N+](C)(C)C)C(OC)=O,ZINC05467613
C[C@H](C(OC)=O)C[N+](C)(C)C,ZINC03201971
CC(SCC[N+](C)(C)C)=O,ZINC00163689
CCOC(C[n+]1ccccc1)=O,ZINC01674154
C[C@H]([N+](C)(C)C)[C@H](OC(C)=O)C,ZINC01563862
Cc1n(C)cc[n+]1COCCC#C,ZINC27560876
CCOC(Cc1cc[n+](C)cc1)=O,ZINC05325710
CCOC(Cc1cccc[n+]1C)=O,ZINC05325714
CCOC([C@H]([n+]1ccccc1)C)=O,ZINC05325949
CCOC(C[n+]1cccc(C)c1)=O,ZINC01641586
CCOC(C[n+]1ccccc1C)=O,ZINC01654182
C[N+](CCOc1cccnc1)(C)C,ZINC01492303
C[N+](CC(OC)=O)(CC#CC=C)C,ZINC03164410
COC(C[n+]1cccc(CF)c1)=O,ZINC03130255
CCOC(c1cc[n+](CC#C)cc1)=O,ZINC05461446
CCOC(c1ccc[n+](CC#C)c1)=O,ZINC05461881
CN(c1cc[n+](CC(OC)=C)cc1)C,ZINC05342434
CCN(C(c1cc[n+](C)cc1)=O)CC,ZINC04769116
CCN(C(c1ccc[n+](C)c1)=O)CC,ZINC01695831
CCOC(C[n+]1cc(C)cc(C)c1)=O,ZINC05325702
CCOC([C@@H]([NH3+])C(C)C)=O,ZINC00162644
CC[NH+](COC(C)=O)CC,ZINC01601464
C[C@@H](C(OC)=O)C[NH+](C)C,ZINC02548966
CCC[C@@H]([NH3+])C(OCC)=O,ZINC21984512
CC[NH2+]C[C@H](C(OC)=O)C,ZINC17378585
CCOC(C(C[NH3+])(C)C)=O,ZINC01721747
CC(OC(CC[NH3+])=O)(C)C,ZINC00402635
CCOC(CC([NH3+])(C)C)=O,ZINC05796051
C[C@@H]([NH3+])C(OC(C)(C)C)=O,ZINC04787585
CC[C@H]([NH+](C)C)C(OC)=O,ZINC22123149
CC([NH+](C)C)(C(OC)=O)C,ZINC22123048
CC[NH2+]C[C@H]1COCCO1,ZINC19737062
CC[C@@H]([C@H]([NH3+])C(OC)=O)C,ZINC00156824
CC([NH2+]CCC(OC)=O)C,ZINC19736919
c1cc[n+](Cc2c[n+]([O-])cc[n+]2[O-])cc1,ZINC04901068
CC1=CC(O[C@@H]1Cc2cccc[n+]2C)=O,ZINC05791618
CC1=CC(O[C@H]1Cc2cc[n+](C)cc2)=O,ZINC00298148
Cc1ccc2n1CC[N+](CC(C)=O)=C2C,ZINC01923857
C[n+]1cccc(C(N2CCCCC2)=O)c1,ZINC32604530
C[n+]1ccc(C(N2CCCCC2)=O)cc1,ZINC07966346
C[N+]1(C)CCN(C(C(F)(F)F)=O)CC1,ZINC27641253
Cc1c[n+]([O-])cc(C[n+]2ccccc2)[n+]1[O-],ZINC04901066
C[n+]1ccn(c2ccc([N+]([O-])=O)c[n+]2[O-])c1,ZINC05378027
C[C@@]12CN3C[C@@](C)(C[N+](CC=C)(C3)C1)C2=O,ZINC19325417
C[C@@H]1C[N+]2(C[C@@H](C)O1)CCN(CC=C)CC2,ZINC28961889
c1cc(C[N+]23CCN(CC2)CC3)cc(C#N)c1,ZINC11153425
C[n+]1ccc(C(OC)=O)c(Br)c1,ZINC00335008
C[n+]1cc(C(OC)=O)cc(Br)c1,ZINC00335014
Cc1ccc(C[NH+]2CCN(C)CC2)o1,ZINC19633933
C[C@@H](O\N=C(/C1)\CC[NH+](C)C1)CC#C,ZINC13780868
CC#CCCO\N=C(\C1)/CC[NH+](C)C1,ZINC13780862
CCC#CCO\N=C(\C1)/CC[NH+](C)C1,ZINC13780860
CC[C@H](O\N=C(/C1)\CC[NH+](C)C1)C#C,ZINC13780858
Cc1cnc(C[NH+](C)C)c(C)c1OC,ZINC12481433
C[N@H+]1CCCN(Cc2ccoc2)CC1,ZINC22454589
Cc1ccc([C@@H](N2CCCC2)C[NH3+])o1,ZINC22223184
C[N+]1(C)CCN(C2=CC(CC2)=O)CC1,ZINC13470082
CC[C@]12C[N@H+]3C[C@](C)(C[N@](C3)C1)C2=O,ZINC19323700
Cn1cc(CN2CCC[C@@H]2C[NH3+])cn1,ZINC20315786
Cc1c(CN2CC[NH2+]CC2)cn(C)n1,ZINC20045657
CCn1cc(CN2CC[NH2+]CC2)cn1,ZINC19735708
Cn1c(CN2CCC([NH3+])CC2)ccn1,ZINC12398817
Cn1cc([C@@H]2CCCN2CC[NH3+])cn1,ZINC22762986
C\[N+](\C)=C/C1=C(\C(\CC1)=C\N(C)C)O,ZINC35655027
Cn1c([C@@H]2CCCN2CC[NH3+])ccn1,ZINC22763219
CC([C@@]12C[N@@H+]3C[C@@H](C[N@@](C3)C1)C2=O)C,ZINC32124041
CCn1c(CN2CC[NH2+]CC2)ccn1,ZINC22763301
Cn1c(C2([NH3+])CCN(C)CC2)ccn1,ZINC33487494
c1cc([C@H](N2CCCCC2)C[NH3+])oc1,ZINC19362028
C[N@H+]1CCCN(Cc2ccco2)CC1,ZINC19537159
C[C@H]1CC([C@@](CCC#N)(C)C[N@@H+]1C)=O,ZINC22780650
CCN1CC[NH+](Cc2ccco2)CC1,ZINC19537026
CC[C@@]12C[N@@H+]3CC[N@@](C[C@H](C1=O)C3)C2,ZINC19369064
CCOC(c1ccnc(C[NH3+])c1)=O,ZINC35287418
COC(C[C@H]([NH3+])c1cccnc1)=O,ZINC04245582
COC(C[C@H]([NH3+])c1ccccn1)=O,ZINC04245584
CCOC(c1cccc(C[NH3+])n1)=O,ZINC49587143
C[NH2+]CCc1nc(C2CCC2)on1,ZINC49455656
CC[NH2+]Cc1nc(C2CCC2)on1,ZINC19090805
CCc1[nH+]ccn1CC(N(C)C)=O,ZINC41392179
CCc1c(C[NH3+])cc(C(OC)=O)o1,ZINC08306534
CCOC(c1cc(C[NH3+])c(C)o1)=O,ZINC00376441
Cc1c(C(OC)=O)cc(C[NH2+]C)o1,ZINC07975023
Cc1c(C[NH3+])c(C)n(CCOC)n1,ZINC37507105
C[NH+](CCSS(C)(=O)=O)C,ZINC02389564
C=CCOC(N1CCC[C@@H]([NH3+])C1)=O,ZINC12651141
C=CCOC(N1CCC([NH3+])CC1)=O,ZINC02391922
COC(C[C@H]([NH3+])c1cccs1)=O,ZINC00170070
CCN(C(N1CC[NH2+]CC1)=O)CC,ZINC01847836
Cc1c(CSCC[NH3+])cn(C)n1,ZINC02538328
Cc1cc(C)n(CSCC[NH3+])n1,ZINC02538335
CN(C(COC1CC[NH2+]CC1)=O)C,ZINC12955417
CCOCC(N1CCC[NH2+]CC1)=O,ZINC20248685
CCOC([C@H](N1CC[NH2+]CC1)C)=O,ZINC22029054
COCCC(N1CCC[NH2+]CC1)=O,ZINC49478593
CC(OC(N(C1C[NH2+]C1)C)=O)(C)C,ZINC21302788
CC(OC(N1CC(C[NH3+])C1)=O)(C)C,ZINC02386282
CCOC(CN1CCC[NH2+]CC1)=O,ZINC20282219
CC(COC(N1CC[NH2+]CC1)=O)C,ZINC19815548
CC(OC(N1CC[C@@H]1C[NH3+])=O)(C)C,ZINC16083193
C1[NH+](CCCN=C=S)CCOC1,ZINC02168516
c1ccnc(SSCC[NH3+])c1,ZINC13282590
CCCN(C([C@@H]1CSC[NH2+]1)=O)C,ZINC37098525
CCN(C([C@@H]1CSC[NH2+]1)=O)CC,ZINC19483094
CSCc1nc(CC[NH3+])cs1,ZINC42383773
C[NH+](CCSc1nccs1)C,ZINC13589364
CCOC(C[C@@]1([NH2+]CCS1)C)=O,ZINC05640573
Cn1ccnc1C[NH2+]Cc2ccco2,ZINC04243956
CC\C=N\NC(c1ccc[n+](C)c1)=O,ZINC05963486
Cn1ccc(C[NH2+]Cc2ccco2)n1,ZINC20351107
Cn1c(C[NH2+]Cc2ccco2)ccn1,ZINC20351260
COc1ccccc1[C@H]([NH3+])C(OC)=O,ZINC04675741
COCC#CCO\N=C(/C1)\[C@H](C[N@]12)CC2,ZINC27900681
C[C@H]1c2n(CCN1C(COC)=O)ccc2,ZINC48374171
CC(N1CCN(Cc2ccco2)CC1)=O,ZINC39225856
Cc1c(CC(N2CCCC2)=O)c(C)on1,ZINC40461177
CO[C@H](N1CCOCC1)c2ccccn2,ZINC32600038
Cc1cc[n+]([O-])cc1N(C(C)=O)C(C)=O,ZINC01684048
CC1=C(CC(C)=O)C(C(OC)=CC1=O)=O,ZINC42835234
CC(OC[C@H]1COc2c(O1)cccc2)=O,ZINC04108021
COC(Cc1ccc2c(OCCO2)c1)=O,ZINC08732365
c1ccc(C(O[C@@H]2COCCO2)=O)cc1,ZINC00390907
c1cc2c(OCCO2)c(OC[C@H]3CO3)c1,ZINC00501358
CCOC([C@@H]1COc2c(O1)cccc2)=O,ZINC03885917
c1ccc(C(OC2COCOC2)=O)cc1,ZINC01683852
c1ccc(Cn2c(CCl)nnn2)cc1,ZINC09664686
c1ccc(n2c(CCCl)nnn2)cc1,ZINC36378520
COC(Cn1cnc(Cl)c1Cl)=O,ZINC36047658
COC(c1c(Cl)cn(CCl)n1)=O,ZINC12394579
CCOn1c2c(nn1)ccc([N+]([O-])=O)c2,ZINC00272276
CCc1ccc(C(N2CCOCC2)=O)o1,ZINC40510969
COC1CCN(C(c2ccco2)=O)CC1,ZINC44451317
CC[C@@H]1CN(C(c2ccco2)=O)CCO1,ZINC40497506
CCOC1=C(N2CCCCC2)C(C1=O)=O,ZINC02929239
CC(N1CC(OS(C)(=O)=O)C1)(C)C,ZINC26422648
CC[C@@H]1CN(C(c2ccoc2)=O)CCO1,ZINC44865626
CCCS(N1CCOC[C@H]1C)(=O)=O,ZINC40634265
C[C@H]1CN(CCS(C)(=O)=O)CCO1,ZINC42569498
CCS(N1CCC(OC)CC1)(=O)=O,ZINC44450134
CCCS(N1CCO[C@@H](C)C1)(=O)=O,ZINC36076081
Cc1cc(C)n(CC(N2CCCC2)=O)n1,ZINC32836448
Cc1c(\C=C\C(N(C)C)=O)c(C)n(C)n1,ZINC47651397
C[C@H]1CCCCN1C(Cn2cccn2)=O,ZINC40489318
CCn1ccc(C(N2CCCCC2)=O)n1,ZINC13702709
Cn1cc(C(N(C2CCCC2)C)=O)cn1,ZINC40488846
c1cnn(CC(N2CCCCCC2)=O)c1,ZINC40487795
CCn1c(C(N2CCCC2)=O)cc(C)n1,ZINC13699960
Cc1c(C(\C=C/N(C)C)=O)c(C)n(C)n1,ZINC12357358
CC1CCN(C(Cn2ccnc2)=O)CC1,ZINC32860168
Cc1csc[n+]1CCS([O-])(=O)=O,ZINC01703425
c1cc(C(N2CCC[C@H]2C=O)=O)sc1,ZINC19678934
C[C@@H]([N@@H+](Cc1csc(C(C)C)n1)C)c2cccs2,ZINC51501838
CC(c1nc(C[N@@H+](Cc2ccsc2)C)cs1)(C)C,ZINC42122320
CCCC[N@H+](CSC(=S)N1Cc2ccccc2)C1,ZINC01766686
CCc1nc(C[N@H+]([C@@H](c2ccc(C)s2)C)C)cs1,ZINC52132436
Cc1ccsc1C[N@H+](Cc2csc(C(C)C)n2)C,ZINC46037620
CN(C(C[NH+]1CCCCCCC1)=O)Cc2cccs2,ZINC48617016
CC(C[N@@H+]1CCC[C@H]1c2ccc(C(N(C)C)=O)s2)C,ZINC23339554
Cc1ccc(C(N2CC[NH+](CCC(C)C)CC2)=O)s1,ZINC48792949
C[C@@H]1C[C@@H](C)C[NH+](CC(N(Cc2cccs2)C)=O)C1,ZINC48614421
CC([NH+]1CCC(N(C(Cc2ccsc2)=O)C)CC1)C,ZINC43113465
CCc1ccc(C(N(C2CC[NH+](CC)CC2)C)=O)s1,ZINC45907734
CC(CC(N1CCC[N@@H+](Cc2cccs2)CC1)=O)C,ZINC41363984
CC\C=C(\C(N1CCC[N@@H+](C[C@H]2CCCO2)CC1)=O)/C,ZINC46046546
c1cc(C[NH+](CCCC2)C2)ccc1C\N=C\C(C#N)C#N,ZINC07320015
Cc1ccc(Cc2nc3c(n2CCC[NH3+])nccc3)cc1,ZINC49454771
CC(c1nc(C[N@@H+](Cc2ccc(F)cc2F)C)on1)C,ZINC40051424
CCc1nnc(C[N@H+]([C@H](c2cc(F)ccc2F)C)C)o1,ZINC52075044
CCc1nc(C[N@H+]([C@H](c2ccc(F)c(F)c2)C)C)on1,ZINC40489671
CC[NH+]1CCC(N(C(c2ccc([N+]([O-])=O)o2)=O)C)CC1,ZINC45906710
Cc1ncc(C[N@H+](Cc2ccc(OC)c(F)c2)C)s1,ZINC52101267
C[C@@H](OC(c1cccc(F)c1)=O)CN2CC[NH+](C)CC2,ZINC19360940
CC[C@H]([NH+]1CCN(c2ccc(F)cc2)CC1)C(OC)=O,ZINC22123259
COCC[N@@H+]1CCCN(C(c2cccc(F)c2)=O)CC1,ZINC44873051
C[NH+]1CCC(N(C(COc2ccc(F)cc2)=O)C)CC1,ZINC46467987
CC(N1CCC[N@@H+](CCOc2cccc(F)c2)CC1)=O,ZINC48054626
CC(OC(C[NH+](CCN(c1ccccc1F)C2)C2)=O)C,ZINC02939509
Cc1c(COC(Cc2ccccc2)=O)n3c([nH+]1)cccc3,ZINC49755666
c1ccc(C2=[NH+]CCN2C(COc3ccccc3)=O)cc1,ZINC00309035
c1cnccc1\C=C\c2cc(OC[C@H]3[NH2+]CCC3)cnc2,ZINC14957597
Cc1ccc(C[N@H+](Cc2ccc(n3cccn3)cc2)C)o1,ZINC52712118
CC[n+]1c2c(n(CCOc3ccccc3)c1N)cccc2,ZINC00234600
Cc1ccc([C@H]([NH2+]Cc2ccc(n3ccnc3)cc2)C)o1,ZINC34993692
CC([N@H+](Cc1nc2c(o1)cccc2)Cc3ccccn3)C,ZINC52218309
COc1ccccc1c2nc(CCC[NH3+])c3n2cccc3,ZINC20263551
CC([C@@](NC(C[n+]1ccc2c(c1)cccc2)=O)(C#N)C)C,ZINC29314417
C[N+](c1ccc(\C=N/NC(c2ccccc2)=O)cc1)(C)C,ZINC16970316
Cn1c(C[NH2+]Cc2ccc(OC)c3c2cccc3)ccn1,ZINC30906526
CC(c1ccc(\C=N/NC(c2ccc[n+](C)c2)=O)cc1)C,ZINC17044935
Cn1cc(C[NH2+]Cc2c3c(ccc2OC)cccc3)cn1,ZINC41159100
CC(CCn1cc([C@H](C([O-])=O)CCCC[NH3+])[nH+]c1)C,ZINC26259164
CCCC[N@H+](CC(C)C)CCOC1=NC(=O)NC=C1,ZINC17300360
C[N@@H+](CCOC)CCCNC(c1cccc(F)c1)=O,ZINC41951106
CCCC[N@H+](CC(N)=O)CCOc1ccccc1F,ZINC45804955
C[N@@H+](CC(NCCCOC)=O)Cc1ccc(F)cc1,ZINC40460643
CC[NH+](CCNC(COc1cccc(F)c1)=O)CC,ZINC46464336
C[NH+](CCCNC(CCOc1ccc(F)cc1)=O)C,ZINC45266908
CCCNC(C[N@@H+](CCOc1ccc(F)cc1)C)=O,ZINC42366207
CNC(CC[N@@H+](CCCOc1ccc(F)cc1)C)=O,ZINC42147433
CCNC(C[N@H+](CCOc1cccc(F)c1)CC)=O,ZINC48057005
C[NH+](CCNC(CCCOc1ccc(F)cc1)=O)C,ZINC42677658
CCNC(C[N@@H+](CCCOc1ccc(F)cc1)C)=O,ZINC48070561
CCNC(CC[N@@H+](CCOc1ccccc1F)C)=O,ZINC46503440
C[NH+](CCCNC(CCSc1ccccc1)=O)C,ZINC02874735
C[NH+](CCCNC(CSCc1ccccc1)=O)C,ZINC06419442
C[NH+](CCNC(CCCSc1ccccc1)=O)C,ZINC47653146
C[N@H+](Cc1ccccc1)CCCNC(CSC)=O,ZINC41997714
CC[NH+](CCCNC(\C=C\c1cccs1)=O)CC,ZINC12619898
CC[NH+](CCNC(CSc1ccccc1)=O)CC,ZINC05572650
C[NH+](CCCCNC(CSc1ccccc1)=O)C,ZINC31866466
CC([NH+](C(C)C)CCNC(CCc1ccco1)=O)C,ZINC48314585
Cc1cc(C)c(OCCOCCNCC[NH3+])c(C)c1,ZINC22034191
CCC([NH+](C)C)(CNC(CCc1ccco1)=O)CC,ZINC42768970
CC([C@@H](c1ccco1)CC(NCCC[NH+](C)C)=O)C,ZINC02102976
CCC[C@H](NC(C[N@@H+](C1CC1)C[C@@H]2CCOC2)=O)C,ZINC46092117
CC(CCNC(C[N@H+](C1CC1)C[C@@H]2CCOC2)=O)C,ZINC46092123
CCC(NC(C[N@H+](C1CC1)C[C@@H]2CCOC2)=O)CC,ZINC46092706
C[C@H]([N@H+](CC(NC1CCCC1)=O)CCOC)C2CC2,ZINC48044733
COCCNC(C[N@H+](C1CC1)CC2CCCCC2)=O,ZINC52244957
COCCCNC(C[N@@H+](C1CC1)C2CCCCC2)=O,ZINC47904611
CC(CC[N@@H+](C1CC1)CC(NC[C@@H]2CCCO2)=O)C,ZINC47912044
CC[NH+]([C@H](CNC(CCc1ccsc1)=O)C)CC,ZINC41914575
CC([N@H+](CCCNC(CCc1ccsc1)=O)C)C,ZINC41928218
CC(CC[N@H+](CC(NCCc1cccs1)=O)C)C,ZINC52245633
CCC[C@H]([N@@H+](CC(NCCc1cccs1)=O)C)C,ZINC48071043
CC[N@@H+](CC(NCCc1cccs1)=O)CC(C)C,ZINC46064386
C[N@H+](CC(NCC=C)=O)CCOc1cccc(F)c1,ZINC52128949
CC[NH+](CCCNC(c1ccc([N+]([O-])=O)o1)=O)CC,ZINC05453088
CCOC(C[N@H+](Cc1ccc(F)cc1)CCCO)=O,ZINC51557862
