SMILES,Name
O1[C@H](C)OC[C@H]1C[N+](C)(C)C,657346
O(C(C)=O)[C@H]1C[NH+](CCC12)CC2,1979
O(C(N)=O)CC[N+](C)(C)C,2551
O(C)C(C(=CC1)C[N@@H+](C)C1)=O,2230
O(CC#C)C(C(=CC1)C[N@@H+](C)C1)=O,2229
o1c(C)ccc1C[N+](C)(C)C,4141
s1nc(c(C(=CC2)C[N@@H+](C)C2)n1)OCCCCCC,60809
O=C(CCC1)N1CC#CC[NH+](CC2)CC2,4630
o1cccc1C[N+](C)(C)C,10938
O(C(C)=O)CC[N+](C)(C)C,187
O=C(CCC1)N1CC#CC[N+](C)(C)C,4629
O(C(N)=O)[C@@H](C)C[N+](C)(C)C,2370
O1C([C@@H](CC)[C@H](C1)Cc2cncn2C)=O,5910
Clc(cccc1NC(=O)OCC#CC[N+](C)(C)C)c1,4022
O(c1ccc(cc1)CCOC)C[C@@H](C[NH2+]C(C)C)O,6420057
